{
  "LicenseType": 0,
  "Identifier": "S4884",
  "Color": {
    "R": 0.3254902,
    "G": 0.3254902,
    "B": 0.3254902,
    "A": 1.0
  },
  "Price": 200000.0,
  "InsuranceFeeQuotaIncrease": 300000.0,
  "BonusTimeDecreasePercentage": 0.0,
  "RequiredGeneralLicenseId": "ConcurrentJobs2",
  "RequiredJobLicenseId": "",
  "Availability": 0,
  "TranslationName": {
    "Items": [
      {
        "Language": 0,
        "Value": "S4884"
      }
    ]
  },
  "TranslationDescription": {
    "Items": [
      {
        "Language": 0,
        "Value": "This license grants you access to all the 4-8-8-4 steam-powered locomotives in Derail Valley. Use them responsibly! Refer to your vehicle catalog for detailed specifications."
      }
    ]
  },
  "TranslationItem": {
    "Items": [
      {
        "Language": 0,
        "Value": "License S4884"
      }
    ]
  },
  "TranslationInfoItem": {
    "Items": [
      {
        "Language": 0,
        "Value": "License S4884 Info"
      }
    ]
  },
  "LocalizationKey": "customlicenses/s4884",
  "LocalizationKeyDescription": "customlicenses/s4884_desc",
  "LocalizationKeyItem": "customlicenses/s4884_item",
  "LocalizationKeyInfoItem": "customlicenses/s4884_sample_item"
}