{
  "Identifier": "DoubleStackEmpty",
  "MassPerUnit": 12000.0,
  "FullDamagePrice": 20000.0,
  "EnvironmentDamagePrice": 0.0,
  "CSVLink": "",
  "TranslationDataFull": {
    "Items": [
      {
        "Language": 0,
        "Value": "Stacked Empty Containers"
      }
    ]
  },
  "TranslationDataShort": {
    "Items": [
      {
        "Language": 0,
        "Value": "Stacked Empty Containers"
      }
    ]
  },
  "CargoGroups": [
    {
      "CargosIds": [
        "DoubleStackEmpty"
      ],
      "SourceStations": [
        "CW",
        "FF",
        "GF",
        "MF"
      ],
      "DestinationStations": [
        "HB-D"
      ]
    }
  ],
  "VanillaTypesToLoad": [],
  "Licenses": [],
  "Properties": {
    "MaxHealth": 32000.0,
    "DamageTolerance": 0.02,
    "DamageMultiplier": 1.0,
    "DamageResistance": 250.0,
    "FireDamageMultiplier": 1.0,
    "FireResistance": 15.0,
    "CargoEffectPools": 0,
    "LeakCurve": -1,
    "LeakProperties": {
      "MaxLeakFlow": 500.0,
      "MinLeakFlow": 100.0,
      "Volatility": 0.0,
      "DissipationRate": 0.0,
      "Density": 0.0
    },
    "Reaction": 0,
    "CustomReactionCurve": {
      "keys": [],
      "length": 0,
      "preWrapMode": 8,
      "postWrapMode": 8
    },
    "ReactionProperties": {
      "Reactivity": -5.0,
      "ReactivityModifierToOthers": 0.0,
      "IgnitionReactivityMin": "Infinity",
      "IgnitionReactivityMax": "Infinity",
      "CriticalVolumeIgnitionMin": "Infinity",
      "CriticalVolumeIgnitionMax": "Infinity",
      "ExplosionDelay": 0.0
    }
  },
  "Author": "Wiz",
  "Version": "1.0.0",
  "HomePage": "",
  "Repository": "",
  "RequireCCL": false,
  "LocalizationKeyFull": "customcargo/doublestackempty",
  "LocalizationKeyShort": "customcargo/doublestackempty_short"
}