{
  "Identifier": "GenericChemicals",
  "MassPerUnit": 30000.0,
  "FullDamagePrice": 25000.0,
  "EnvironmentDamagePrice": 0.0,
  "CSVLink": "https://raw.githubusercontent.com/WhistleWiz/dv-other/refs/heads/main/GenericContainers/translations.csv",
  "TranslationDataFull": {
    "Items": [
      {
        "Language": 0,
        "Value": "shipment of Chemicals"
      }
    ]
  },
  "TranslationDataShort": {
    "Items": [
      {
        "Language": 0,
        "Value": "Chemicals"
      }
    ]
  },
  "CargoGroups": [
    {
      "CargosIds": [
        "GenericChemicals",
        "GenericClothing",
        "GenericElectronics",
        "GenericTools"
      ],
      "SourceStations": [
        "HB-D"
      ],
      "DestinationStations": [
        "CS",
        "CW",
        "FF",
        "GF",
        "MF"
      ]
    },
    {
      "CargosIds": [
        "GenericChemicals",
        "GenericClothing",
        "GenericElectronics",
        "GenericTools"
      ],
      "SourceStations": [
        "HB-D"
      ],
      "DestinationStations": [
        "CS",
        "CW",
        "FF",
        "GF",
        "MF"
      ]
    },
    {
      "CargosIds": [
        "GenericChemicals",
        "GenericClothing",
        "GenericElectronics",
        "GenericTools"
      ],
      "SourceStations": [
        "GF"
      ],
      "DestinationStations": [
        "CS",
        "CW",
        "FF",
        "HB-D",
        "MF"
      ]
    }
  ],
  "VanillaTypesToLoad": [],
  "Licenses": [],
  "Properties": {
    "MaxHealth": 3200.0,
    "DamageTolerance": 0.02,
    "DamageMultiplier": 1.0,
    "DamageResistance": 100.0,
    "FireDamageMultiplier": 2.0,
    "FireResistance": 3.75,
    "CargoEffectPools": 0,
    "LeakCurve": -1,
    "LeakProperties": {
      "MaxLeakFlow": 500.0,
      "MinLeakFlow": 100.0,
      "Volatility": 0.0,
      "DissipationRate": 0.0,
      "Density": 0.0
    },
    "Reaction": 0,
    "CustomReactionCurve": {
      "keys": [],
      "length": 0,
      "preWrapMode": 8,
      "postWrapMode": 8
    },
    "ReactionProperties": {
      "Reactivity": -5.0,
      "ReactivityModifierToOthers": 0.0,
      "IgnitionReactivityMin": "Infinity",
      "IgnitionReactivityMax": "Infinity",
      "CriticalVolumeIgnitionMin": "Infinity",
      "CriticalVolumeIgnitionMax": "Infinity",
      "ExplosionDelay": 0.0
    }
  },
  "Author": "",
  "Version": "1.0.0",
  "HomePage": "",
  "Repository": "",
  "RequireCCL": false,
  "LocalizationKeyFull": "customcargo/genericchemicals",
  "LocalizationKeyShort": "customcargo/genericchemicals_short"
}