{
  "Identifier": "FF_Soda",
  "MassPerUnit": 20000.0,
  "FullDamagePrice": 25000.0,
  "EnvironmentDamagePrice": 0.0,
  "CSVLink": "",
  "TranslationDataFull": {
    "Items": [
      {
        "Language": 0,
        "Value": "Soda"
      }
    ]
  },
  "TranslationDataShort": {
    "Items": [
      {
        "Language": 0,
        "Value": "Soda"
      }
    ]
  },
  "CargoGroups": [],
  "VanillaTypesToLoad": [
    325
  ],
  "Licenses": [],
  "Properties": {
    "MaxHealth": 8000.0,
    "DamageTolerance": 0.01,
    "DamageMultiplier": 1.0,
    "DamageResistance": 50.0,
    "FireDamageMultiplier": 1.0,
    "FireResistance": 7.5,
    "CargoEffectPools": 2,
    "LeakCurve": 1,
    "LeakProperties": {
      "MaxLeakFlow": 1500.0,
      "MinLeakFlow": 200.0,
      "Volatility": 1.0,
      "DissipationRate": 0.0,
      "Density": 0.0
    },
    "Reaction": 0,
    "CustomReactionCurve": {
      "keys": [],
      "length": 0,
      "preWrapMode": 8,
      "postWrapMode": 8
    },
    "ReactionProperties": {
      "Reactivity": 0.0,
      "ReactivityModifierToOthers": 0.05,
      "IgnitionReactivityMin": "Infinity",
      "IgnitionReactivityMax": "Infinity",
      "CriticalVolumeIgnitionMin": "Infinity",
      "CriticalVolumeIgnitionMax": "Infinity",
      "ExplosionDelay": 0.0
    }
  },
  "Author": "Wiz",
  "Version": "1.0.0",
  "HomePage": "",
  "Repository": "",
  "RequireCCL": false,
  "LocalizationKeyFull": "customcargo/ff_soda",
  "LocalizationKeyShort": "customcargo/ff_soda_short"
}