{
  "Identifier": "GenericTools",
  "MassPerUnit": 37000.0,
  "FullDamagePrice": 30000.0,
  "EnvironmentDamagePrice": 0.0,
  "CSVLink": "https://raw.githubusercontent.com/WhistleWiz/dv-other/refs/heads/main/GenericContainers/translations.csv",
  "TranslationDataFull": {
    "Items": [
      {
        "Language": 0,
        "Value": "shipment of Tooling"
      }
    ]
  },
  "TranslationDataShort": {
    "Items": [
      {
        "Language": 0,
        "Value": "Tooling"
      }
    ]
  },
  "CargoGroups": [
    {
      "CargosIds": [
        "GenericTools"
      ],
      "SourceStations": [
        "HB-D"
      ],
      "DestinationStations": [
        "CME",
        "CMS",
        "CP",
        "FM",
        "FRC",
        "FRS",
        "IME",
        "IMW",
        "OR",
        "OWC",
        "OWN",
        "SM",
        "SW"
      ]
    }
  ],
  "VanillaTypesToLoad": [],
  "Licenses": [],
  "Properties": {
    "MaxHealth": 12000.0,
    "DamageTolerance": 0.02,
    "DamageMultiplier": 1.0,
    "DamageResistance": 150.0,
    "FireDamageMultiplier": 1.0,
    "FireResistance": 5.25,
    "CargoEffectPools": 0,
    "LeakCurve": -1,
    "LeakProperties": {
      "MaxLeakFlow": 500.0,
      "MinLeakFlow": 100.0,
      "Volatility": 0.0,
      "DissipationRate": 0.0,
      "Density": 0.0
    },
    "Reaction": 0,
    "CustomReactionCurve": {
      "keys": [],
      "length": 0,
      "preWrapMode": 8,
      "postWrapMode": 8
    },
    "ReactionProperties": {
      "Reactivity": -5.0,
      "ReactivityModifierToOthers": 0.0,
      "IgnitionReactivityMin": "Infinity",
      "IgnitionReactivityMax": "Infinity",
      "CriticalVolumeIgnitionMin": "Infinity",
      "CriticalVolumeIgnitionMax": "Infinity",
      "ExplosionDelay": 0.0
    }
  },
  "Author": "",
  "Version": "1.0.0",
  "HomePage": "",
  "Repository": "",
  "RequireCCL": false,
  "LocalizationKeyFull": "customcargo/generictools",
  "LocalizationKeyShort": "customcargo/generictools_short"
}