{
  "Identifier": "GenericClothing",
  "MassPerUnit": 31000.0,
  "FullDamagePrice": 22000.0,
  "EnvironmentDamagePrice": 0.0,
  "CSVLink": "https://raw.githubusercontent.com/WhistleWiz/dv-other/refs/heads/main/GenericContainers/translations.csv",
  "TranslationDataFull": {
    "Items": [
      {
        "Language": 0,
        "Value": "shipment of Apparel & Footwear"
      }
    ]
  },
  "TranslationDataShort": {
    "Items": [
      {
        "Language": 0,
        "Value": "Apparel"
      }
    ]
  },
  "CargoGroups": [],
  "VanillaTypesToLoad": [],
  "Licenses": [],
  "Properties": {
    "MaxHealth": 4000.0,
    "DamageTolerance": 0.02,
    "DamageMultiplier": 1.0,
    "DamageResistance": 500.0,
    "FireDamageMultiplier": 2.0,
    "FireResistance": 2.25,
    "CargoEffectPools": 0,
    "LeakCurve": -1,
    "LeakProperties": {
      "MaxLeakFlow": 500.0,
      "MinLeakFlow": 100.0,
      "Volatility": 0.0,
      "DissipationRate": 0.0,
      "Density": 0.0
    },
    "Reaction": 0,
    "CustomReactionCurve": {
      "keys": [],
      "length": 0,
      "preWrapMode": 8,
      "postWrapMode": 8
    },
    "ReactionProperties": {
      "Reactivity": -5.0,
      "ReactivityModifierToOthers": 0.0,
      "IgnitionReactivityMin": "Infinity",
      "IgnitionReactivityMax": "Infinity",
      "CriticalVolumeIgnitionMin": "Infinity",
      "CriticalVolumeIgnitionMax": "Infinity",
      "ExplosionDelay": 0.0
    }
  },
  "Author": "",
  "Version": "1.0.0",
  "HomePage": "",
  "Repository": "",
  "RequireCCL": false,
  "LocalizationKeyFull": "customcargo/genericclothing",
  "LocalizationKeyShort": "customcargo/genericclothing_short"
}