{
  "Version": "1.0.0",
  "Themes": [
    {
      "Name": "Clean",
      "HideFromStores": false,
      "PreventRandomSpawning": false,
      "CanPrice": 15000,
      "LabelBaseColor": "#FFFFFF",
      "LabelAccentColorA": "#FFFFFF",
      "LabelAccentColorB": "#FFFFFF"
    },
    {
      "Name": "Clean Alt",
      "HideFromStores": false,
      "PreventRandomSpawning": false,
      "CanPrice": 15000,
      "LabelBaseColor": "#FFFFFF",
      "LabelAccentColorA": "#FFFFFF",
      "LabelAccentColorB": "#FFFFFF"
    }
  ]
}